{
  "project_info": {
    "project_number": "121845585419",
    "firebase_url": "https://android-studio-351c1.firebaseio.com",
    "project_id": "android-studio-351c1",
    "storage_bucket": "android-studio-351c1.appspot.com"
  },
  "client": [
    {
      "client_info": {
        "mobilesdk_app_id": "1:121845585419:android:52fd0605cc6bdccd",
        "android_client_info": {
          "package_name": "thievdraan.dntest"
        }
      },
      "oauth_client": [
        {
          "client_id": "121845585419-926jsf7v848oimirjgo32ai6sbrmn9qo.apps.googleusercontent.com",
          "client_type": 1,
          "android_info": {
            "package_name": "thievdraan.dntest",
            "certificate_hash": "547a9a507b3230b530493a6ca1c30425953fdfa1"
          }
        },
        {
          "client_id": "121845585419-cpr6c3g8f1afe2ebobilmj6e6g4sen0o.apps.googleusercontent.com",
          "client_type": 3
        }
      ],
      "api_key": [
        {
          "current_key": "AIzaSyC9xwmVdZ8_IkeKk6ITEsTPPR2tEgL-MrY"
        }
      ],
      "services": {
        "appinvite_service": {
          "other_platform_oauth_client": [
            {
              "client_id": "121845585419-cpr6c3g8f1afe2ebobilmj6e6g4sen0o.apps.googleusercontent.com",
              "client_type": 3
            }
          ]
        }
      }
    },
    {
      "client_info": {
        "mobilesdk_app_id": "1:121845585419:android:f0f4c3221d7f0245",
        "android_client_info": {
          "package_name": "thievdraan.floodtry"
        }
      },
      "oauth_client": [
        {
          "client_id": "121845585419-cpr6c3g8f1afe2ebobilmj6e6g4sen0o.apps.googleusercontent.com",
          "client_type": 3
        }
      ],
      "api_key": [
        {
          "current_key": "AIzaSyC9xwmVdZ8_IkeKk6ITEsTPPR2tEgL-MrY"
        }
      ],
      "services": {
        "appinvite_service": {
          "other_platform_oauth_client": [
            {
              "client_id": "121845585419-cpr6c3g8f1afe2ebobilmj6e6g4sen0o.apps.googleusercontent.com",
              "client_type": 3
            }
          ]
        }
      }
    },
    {
      "client_info": {
        "mobilesdk_app_id": "1:121845585419:android:87026bd810c5d552",
        "android_client_info": {
          "package_name": "thivedraan.dntest123"
        }
      },
      "oauth_client": [
        {
          "client_id": "121845585419-nn0q6bjqnhgegmdjh6l3363d072egum1.apps.googleusercontent.com",
          "client_type": 1,
          "android_info": {
            "package_name": "thivedraan.dntest123",
            "certificate_hash": "547a9a507b3230b530493a6ca1c30425953fdfa1"
          }
        },
        {
          "client_id": "121845585419-cpr6c3g8f1afe2ebobilmj6e6g4sen0o.apps.googleusercontent.com",
          "client_type": 3
        }
      ],
      "api_key": [
        {
          "current_key": "AIzaSyC9xwmVdZ8_IkeKk6ITEsTPPR2tEgL-MrY"
        }
      ],
      "services": {
        "appinvite_service": {
          "other_platform_oauth_client": [
            {
              "client_id": "121845585419-cpr6c3g8f1afe2ebobilmj6e6g4sen0o.apps.googleusercontent.com",
              "client_type": 3
            }
          ]
        }
      }
    },
    {
      "client_info": {
        "mobilesdk_app_id": "1:121845585419:android:b41c7d70f6344ab4aad90e",
        "android_client_info": {
          "package_name": "thivedraan.hackathon_arus"
        }
      },
      "oauth_client": [
        {
          "client_id": "121845585419-cpr6c3g8f1afe2ebobilmj6e6g4sen0o.apps.googleusercontent.com",
          "client_type": 3
        }
      ],
      "api_key": [
        {
          "current_key": "AIzaSyC9xwmVdZ8_IkeKk6ITEsTPPR2tEgL-MrY"
        }
      ],
      "services": {
        "appinvite_service": {
          "other_platform_oauth_client": [
            {
              "client_id": "121845585419-cpr6c3g8f1afe2ebobilmj6e6g4sen0o.apps.googleusercontent.com",
              "client_type": 3
            }
          ]
        }
      }
    },
    {
      "client_info": {
        "mobilesdk_app_id": "1:121845585419:android:b2f3016d2e7e2333",
        "android_client_info": {
          "package_name": "thivedraan.ipilz"
        }
      },
      "oauth_client": [
        {
          "client_id": "121845585419-cpr6c3g8f1afe2ebobilmj6e6g4sen0o.apps.googleusercontent.com",
          "client_type": 3
        }
      ],
      "api_key": [
        {
          "current_key": "AIzaSyC9xwmVdZ8_IkeKk6ITEsTPPR2tEgL-MrY"
        }
      ],
      "services": {
        "appinvite_service": {
          "other_platform_oauth_client": [
            {
              "client_id": "121845585419-cpr6c3g8f1afe2ebobilmj6e6g4sen0o.apps.googleusercontent.com",
              "client_type": 3
            }
          ]
        }
      }
    },
    {
      "client_info": {
        "mobilesdk_app_id": "1:121845585419:android:5f9bcb6b23f62e6e",
        "android_client_info": {
          "package_name": "thivedraan.iplix"
        }
      },
      "oauth_client": [
        {
          "client_id": "121845585419-cpr6c3g8f1afe2ebobilmj6e6g4sen0o.apps.googleusercontent.com",
          "client_type": 3
        }
      ],
      "api_key": [
        {
          "current_key": "AIzaSyC9xwmVdZ8_IkeKk6ITEsTPPR2tEgL-MrY"
        }
      ],
      "services": {
        "appinvite_service": {
          "other_platform_oauth_client": [
            {
              "client_id": "121845585419-cpr6c3g8f1afe2ebobilmj6e6g4sen0o.apps.googleusercontent.com",
              "client_type": 3
            }
          ]
        }
      }
    },
    {
      "client_info": {
        "mobilesdk_app_id": "1:121845585419:android:43ef32fb40aa9ce2",
        "android_client_info": {
          "package_name": "thivedraan.iplixsystem"
        }
      },
      "oauth_client": [
        {
          "client_id": "121845585419-0ekdb1458f9a1khhe6bj6gp4p29kfpqn.apps.googleusercontent.com",
          "client_type": 1,
          "android_info": {
            "package_name": "thivedraan.iplixsystem",
            "certificate_hash": "547a9a507b3230b530493a6ca1c30425953fdfa1"
          }
        },
        {
          "client_id": "121845585419-cpr6c3g8f1afe2ebobilmj6e6g4sen0o.apps.googleusercontent.com",
          "client_type": 3
        }
      ],
      "api_key": [
        {
          "current_key": "AIzaSyC9xwmVdZ8_IkeKk6ITEsTPPR2tEgL-MrY"
        }
      ],
      "services": {
        "appinvite_service": {
          "other_platform_oauth_client": [
            {
              "client_id": "121845585419-cpr6c3g8f1afe2ebobilmj6e6g4sen0o.apps.googleusercontent.com",
              "client_type": 3
            }
          ]
        }
      }
    },
    {
      "client_info": {
        "mobilesdk_app_id": "1:121845585419:android:70482713a77e82ffaad90e",
        "android_client_info": {
          "package_name": "thivedraan.michi"
        }
      },
      "oauth_client": [
        {
          "client_id": "121845585419-cpr6c3g8f1afe2ebobilmj6e6g4sen0o.apps.googleusercontent.com",
          "client_type": 3
        }
      ],
      "api_key": [
        {
          "current_key": "AIzaSyC9xwmVdZ8_IkeKk6ITEsTPPR2tEgL-MrY"
        }
      ],
      "services": {
        "appinvite_service": {
          "other_platform_oauth_client": [
            {
              "client_id": "121845585419-cpr6c3g8f1afe2ebobilmj6e6g4sen0o.apps.googleusercontent.com",
              "client_type": 3
            }
          ]
        }
      }
    },
    {
      "client_info": {
        "mobilesdk_app_id": "1:121845585419:android:9c60313138084266",
        "android_client_info": {
          "package_name": "thivedraan.testdesign"
        }
      },
      "oauth_client": [
        {
          "client_id": "121845585419-cpr6c3g8f1afe2ebobilmj6e6g4sen0o.apps.googleusercontent.com",
          "client_type": 3
        }
      ],
      "api_key": [
        {
          "current_key": "AIzaSyC9xwmVdZ8_IkeKk6ITEsTPPR2tEgL-MrY"
        }
      ],
      "services": {
        "appinvite_service": {
          "other_platform_oauth_client": [
            {
              "client_id": "121845585419-cpr6c3g8f1afe2ebobilmj6e6g4sen0o.apps.googleusercontent.com",
              "client_type": 3
            }
          ]
        }
      }
    }
  ],
  "configuration_version": "1"
}